lucas,c7515538-6442-3ead-8b80-f72841202097
leozin,7f0ed684-a390-3f9b-8bbe-9bf324a2481b
redshocks,ad8d29b2-96ef-3f69-8c6f-2d1b0b6d6d31
tiopotranca,744d48f7-5a5b-3296-be48-acae5a077adb
marandogamer,1a1f8f59-e67a-3ae0-a28a-fe40d5c80c27
bernardo_711,b22c4230-5bf2-342b-a8d2-26b0e5b9b4a5
origami_de_seda,b1b52725-2d3a-3836-b927-37e28b6bd7bf
hentai,bcb5e8b0-70dd-368c-844e-ed58ba6eead3
oamanuc,ff3c787f-8094-31ee-befa-1caba18a60b9
danitinho,a4b3ba0a-2b5f-3b3f-a853-db0e6324a6b5
iziodoro,f2805114-261a-3528-9276-41aadf98f701
amigozeitodo,1f36488d-45ca-3b70-a0eb-7b5ac71d05ff
luunnaaa,bbe524bd-1ff3-3c24-bdcf-6ab6661854f8
davigugu55,2f5e2101-aa6f-3ad3-a476-0c2520065b12
scardrain,d6b2542b-a1a5-37bb-b276-3da953802328
gustavo_beraldo,0de45b06-aa5b-3683-82e8-5753d15e51cb
renerareman,cb529461-9adf-3aa1-96ea-453194617522
hiagoti,ea6b5d08-cfbf-3957-ab4f-f4dbf2dc098f
kabal256,f071255f-dca9-3a4f-8c21-035619efa10c
izzorab,e8d5a2c7-7dc8-308d-a193-0ed3a43f31ef
yaya240692,8132ccea-0bc1-36f1-8688-cde2c45d41fb
clodily,01bb065a-7ada-348b-8a85-6a088a166612
sacidepatinete,0d295207-6a32-3379-b962-713f6b7d14cd
zilas,07efbfce-174a-3c89-8dfc-cf32726271a0
playernaju,0e39e3c5-9847-3c5e-b1aa-fc79d683e570
avatar,2a462d01-cb45-3cb4-be49-3d901690ea18
marcelolo,c4cdf30a-5e51-3359-8938-f415bfa8c232
rafaelwhoa,2a6f4b19-a97b-373c-9d5c-5738787c14d5
cowboybee,013520fb-8d66-3d38-88b8-18d4e4a667b7
casinhobr,2780a50d-beda-32ae-9cb1-d3cf63000e33
grandejogada,4a4ad13c-52c1-31da-a3f6-a102ce27c076
notrabalho,56d44610-938f-3f7c-9f4f-41fee8ae11ec
001,1522e286-48e4-3366-9714-e0619ca25871
002,5e74c98c-7241-35c8-9cfe-fc3fad8d7c24
suubmatias,4c680754-cf62-3e72-9e27-9e3240a8b098
moacyr007,8eec5e02-d465-3ee9-9d18-ed16cc891848
beretta711,041514b6-7a8c-3f9f-a2fd-b0438b4a5b0e
belphegor,40e7a918-5441-3183-9482-9599d2533b30
c5k,a313f7e0-dd65-37af-80ea-e44b030664ba
otaviobrandao10,bd66a676-acd7-3ef1-bdaf-035597645aa3
fimosedebaleia,76e10a9c-d580-35af-bb43-3cd2d387029c
brbrendo,571d28e0-638a-34fd-8643-7b50e1d271fa
nevahljubnyi,e82d33b6-459f-38d2-a0af-5baf4a878414
rolinha,25bccec4-e325-33cf-a31a-d13c268a3a84
01010101,ae74a717-3444-31dd-920a-0ad40970ffb0
